Employee_ID,Name,Age,City,Salary
1,Rahul,22,Bangalore,30000
2,Priya,25,Mumbai,45000
3,Amit,24,Delhi,35000
4,Sneha,23,Chennai,40000
5,Arjun,26,Pune,50000
6,Neha,28,Hyderabad,55000
7,Vikram,30,Bangalore,60000
8,Ananya,27,Mumbai,52000
9,Rohan,25,Delhi,42000
10,Kavya,24,Pune,38000
6,Neha,28,Hyderabad,55000
11,Suresh,31,Chennai,65000
12,Meena,29,Hyderabad,48000
13,Karan,26,Bangalore,47000
14,Pooja,23,Mumbai,36000
15,Nitin,32,Delhi,70000
16,Divya,28,Chennai,54000
17,Manoj,27,Pune,43000
18,Isha,25,Hyderabad,46000
19,Aditya,29,Bangalore,58000
20,Riya,24,Mumbai,39000
21,Rahul,22,Bangalore,30000
22,Priya,25,Mumbai,45000
23,Amit,24,Delhi,35000
22,Priya,25,Mumbai,45000
24,Sneha,23,Chennai,40000
25,Arjun,26,Pune,50000
26,Neha,28,Hyderabad,55000
27,Vikram,30,Bangalore,60000
28,Ananya,27,Mumbai,52000
29,Rohan,25,Delhi,42000
30,Kavya,24,Pune,38000
31,Suresh,31,Chennai,65000
32,Meena,29,Hyderabad,48000
33,Karan,26,Bangalore,47000
34,Pooja,23,Mumbai,36000
35,Nitin,32,Delhi,70000
36,Divya,28,Chennai,54000
37,Manoj,27,Pune,43000
38,Isha,25,Hyderabad,46000
39,Aditya,29,Bangalore,58000
40,Riya,24,Mumbai,39000
41,Rahul,22,Bangalore,30000
33,Karan,26,Bangalore,47000
42,Priya,25,Mumbai,45000
43,Karan,26,Bangalore,47000
44,Pooja,23,Mumbai,36000
33,Karan,26,Bangalore,47000
45,Nitin,32,Delhi,70000
33,Karan,26,Bangalore,47000
